,Mean,SD,Median,0.25,0.75
Weight,0.368347826086956,0.122086613163171,0.38,0.27,0.455
